,reviews
0,Super phone go for it
1,Good ğŸ‘
2,Good product ğŸ‘ğŸ‘ğŸ‘
3,so nice in all functions and more in design and colour..
4,Good
5,"Best Phone ğŸ“± It,s Very Smooth Design Battery ğŸ”‹ is Biggest  Phone Design Perfect"
6,Good phone I like u ğŸ˜Š
7,Worth for moneyGreat DisplaySmooth performance
8,Nice phone
9,Amazing
10,This smartphone is awesome.Camera quality is perfect battery is also awesome. Design is premium feel.
11,That's really outstanding camera
12,Pros1) Looks premium2) curved display give premium feel3) fast charging4) decent processor 5) camera perform excellent in light 2x zoom works very well ConsCamera1)  portrait mode need improvement my redmi note 9 pro max is almost 3 year old but it's portrait are still better than most of the new phone I have seen2) need little improvement in low light capabilityDisplay1) display brightness is ok but need a little improvement
13,Please fix battery performance
14,"Charging speed, display and battery is the highlight of the phone. Will test and write more about it soon."
15,Worth for moneyGreat DisplaySmooth performance
16,Great product by realme
17,Satisfying product at this price range...
18,Awesome ğŸ˜Quality of images are mind-blowing ğŸ˜
19,Good product.nice looking thankyou Flipkart.ğŸ¤Ÿ
20,Mobile performance is so better.Super curve display.
21,"Phone is too good in performence ,display ,camera ğŸ‘Œ"
22,"The design is ultimately awesome fantastic or any other word whatever we can praise it. I am flat on the design of the phone. It is distinct from the market. However, keep a note in mind that the stitching at the back and the centre strip is only embossing and not real stitching or the fabric centre strip. The centre strip is covered by transparent plastic. The display is flawless and the curved design gives a premium feel. It is not a heavy duty phone but battery ğŸ”‹ lost for a full day comfo..."
23,"Wonder full phone. Camera is amazing. display is so nice. Best 5G phone. Thank Realme, Thanks flipkart."
24,Nice mobile
25,Good ğŸ‘
26,Camera is good But at dark light som noise will u notice Performance is good while playing bgmi
27,Camera is of 100mp but quality of pictures is not very good.it is pretty good for gaming too.design is outstanding.display is just fantastic
28,Design 5/5Display 5/5Charger 5/5Performance 4/5Camera 5/5  Back camera captures sharp and detailed images.
29,Very nice performance
30,Awesome phone smooth nice display sound very nice performance ok for day to day use no lag at all if u looking for budget all rounder phone go for it
31,Awesome product ğŸ¥°ğŸ¥°ğŸ¥°ğŸ¥°ğŸ¥°
32,Excellent product. Need improvement in camera. Update needed.
33,Auto restart problem twice a day !! What to do ?? Plz help!! Horrible ğŸ˜¢
34,In this price this mobile is very good bt the battery life is not as per standard.
35,A very best product at this price segment I loved this smart phone well combination of software and hardware worth buying thanks to Flipkart for on time dilvery . Far more best than OnePlus Nord ce3lite
36,Marvellous designMain Camera : 10/10 Night Mode : 10/10Portrait : 10/10Zoom : 9/10Front Camera : 10/10Video : 9/10Battery : 10/10Performance : 10/10If you are looking for an all-rounder device under 25K budget then this can be your perfect choice.
37,"For gaming don't buy it very choppy and freezing gaming experience I don't think so it's dimensity 7050, I'm regretting after buying it.ğŸ˜¡"
38,NYC display
39,"Value for money, looking premium in this budget"
40,Display quality so awesome and leather disign is so attract.Nice phone
41,Amazing Phone
42,Good nice product I love it
43,This is so good phone
44,Camera is good as per price point performance is decent with minor lag battey is good about 10 hrs sot on wifi with 2% left display is great like flagship
45,Review after 10 daysLook and feel goodPerformance also ok little bit hiting issue Speaker medium qualityBattery backup only one day Camera is not ok need improvement by software appdate only gimmick 100 mp camera I have lg g6 13 mp camera is good campare to 11 pro
46,Everything is perfect except battery performance there is the main thing that will be disappointed usNd Camera quality is amazing
47,"Just opened new phone, but it's battery draining in few hours, within 4-5 hours it's become 100 % to 10%"
48,Value for money ğŸ¤‘ğŸ’°
49,Overall a good product.
50,Superb
51,The camera shefty is not there. Heating problemIt's tooooooo length.Some ui options are not available.
52,"Apart From Design  its a Very Average Smartphone.Design 5/5 (Feels Premium)Display 4.5/5Camera 1.5/5 ( Even my K20 pro has Better Camera Quality)Performance 3/5 ( Heats alot, Lack of optimization)UI ( Loaded with Ads)Verdict: Don't buy this smartphone due to it's look go for other options which offers better camera quality and well optimized Experience."
53,Very nice phone....gd camera and working smooth...all over wowwww thanks realmeğŸ™ğŸ’¯ğŸ‘
54,Perfect phone
55,Overall good nd display are very very good
56,Quality is good camera quality goodLooking goodBest part in this phone is phone design and back side leather. Many features add and it's work on latest Google update
57,Overall good product value for money camera is average
58,Camera quality not good ..battery drain problem
59,"**Don't buy** Recently purchased this product and I am really disappointed. First of all the product processor is very very underated as compared to its price, camera quality is not good ,only selfie camera is like ok ok. 3rd most important thing is that the phone consist of very very much bugs. So I have contact to the company but they are telling me to do factory reset and backup your data and for this purpose visit to your nearest realme store , some applications some additional features ..."
60,Nice mobile phone
61,Design 5/5 (feels premium) Display 5/5 (Very smooth) Camera 5/5 (Amazing results) Performance 4/5 (Needs a bit more optimization)Charging 5/5 (Very fast) Battery 5/5 (Good performance) Sound 5/5 (Stereo speakers are quite loud)
62,Design and display is best in this price range ğŸ”¥
63,Awesome
64,"Camera4/5,Good phone,Nice design it feels like premium phones,Display is amazing.You should must buy it."
65,A well balanced phone but it is heating maybe it's summer time that's why it is heating. But the phone heats and that what I am not liking otherwise phone is ok and give nice feel in hands
66,Very nice product ğŸ˜ğŸ˜ğŸ˜
67,Bad quality of camera picture.
68,It's good fabulous
69,Nice fhone
70,I like very much
71,Really good!!! The phone is looking stylish and awesome.
72,Nice display ğŸ¤©Battery pickup is very goodSound quality excellent ğŸ‘Camera quality is amazing ğŸ¤©
73,Good Quality
74,"Superb quality best phone ğŸ“± ,ğŸ’«â¤ï¸â¤ï¸â¤ï¸â£ï¸â£ï¸â£ï¸â£ï¸ğŸ‰ğŸ’¯"
75,Good Product...At This Price Range..Display Is GoodCamera Is Also Good ğŸ˜Š
76,Camera quality is very bad ğŸ˜”
77,Excellent Value for money ğŸ’°ğŸ¥°ğŸ¥°
78,Superb quality camera.i love it
79,It is totally worthless mobile I have used. Requested two times for return but there was no support from Flipkart. Very disappointed.
80,
81,It is totally worthless mobile I have used. Requested two times for return but there was no support from Flipkart. Very disappointed.
82,This is not good phone at this price point. lotes ades and also take time in lounching application.
83,Cam good Display good Performance is perfectCons.Battery capacity is low In heavy task it work only 2.5 hrs Other wise pH is perfect
84,Very nice ğŸ‘ smart mobile
85,Camera 3.5/5Display 4/5Battery 4/5Performance 4/510 minutes used over Heating.
86,Good product need updates on camera good display
87,Good
88,The Best all rounderğŸ”¥
89,Very good phone
90,This is the flagship phone design display is amazing and looking is good and performance also good ğŸ‘.
91,This product is good ğŸ’¯Iam happy with this productDisplay is superb ... design outstanding...About price this product is overall
92,Amazing mobile phone in this price range one can go for it
93,"Very nice product. Thank you Flipkart. Many people review many things but in this price segment, you can go for it. An all-rounder in this price with a curved display."
94,Price is very good ğŸ‘ğŸ‘ğŸ‘
95,Best design
96,This mobile is very slow. And camera is fake. West of moneyğŸ˜¡ğŸ˜¡ realme cheating with us. Dond buy this guys ğŸ™ğŸ™ğŸ™
97,Super nice...Worth it...! Love this product..â¤ï¸â¤ï¸
98,This smartphone is best and design is very good. Thank you ğŸ™ Flipkart.
99,It's very splendid
100,Nice display and design
101,Very very good product in this price i am so happy with this phone
102,"I have purchased this mobile. This mobile have descent performance but mobile design is very good and battery is also descent it will give you 1 day and approx 7.30 hours screen on time. Camera  is also descent, it not like 100 megapixel it works like 64 megapixel camera. So you can purchase this device surely."
103,Overall good ğŸ‘
104,"Battery capacity is avarageAnd display, disign is very very excellent ğŸ‘ŒğŸ‘"
105,Good quality and (extra Apps can be disabled) (but camer don't have wide angle option) battery is good (mobile looks are osm)
106,Nice pic video call cemera
107,"Mobile is good, camera quality is also good, this is the cheapest price that you have got an edge mobile."
108,Mobile has heating problem ğŸ˜°ğŸ˜¨ğŸŒğŸ¤’
109,Battery is low. Or 7 hours only single use battery in low
110,Got what I was expecting ğŸ§¡
111,Best Phone In The Segement :) Must Buy It If Your Main Aim Is Look And Display
112,Looks wise and performance it's fine but camera quality is worst would prefer not to buy this product if you're going to purchase this for camera.Realme XT camera was better than this.
113,At this Price point this phone is totally very good ğŸ‘ğŸ‘ ğŸ‘
114,One of the best Device
115,One of the worst camera I have ever seen. Giving 100 mp but it's not even 50Mp . Avoid this model. You will regret if you buy. There will be no detailing in pics. Worst photo ever
116,Superb product.
117,Worst camera
118,Good phone
119,
120,Awesome phone  feel in hand like expensive phone..
121,Looks wise and performance it's fine but camera quality is worst would prefer not to buy this product if you're going to purchase this for camera.Realme XT camera was better than this.
122,At this Price point this phone is totally very good ğŸ‘ğŸ‘ ğŸ‘
123,One of the best Device
124,One of the worst camera I have ever seen. Giving 100 mp but it's not even 50Mp . Avoid this model. You will regret if you buy. There will be no detailing in pics. Worst photo ever
125,Superb product.
126,Worst camera
127,Good phone
128,Heating issue lag issue don't buy
129,Good phon
130,Phone is much heating than expected I usually using it in my room but in normal temperature it heats very muchIn this range you can select another deviceOn charger written 80w but in charging it shows 67w and 67w charges as like my 33w chargerVery bad phone it is hanging in just a week
131,"The best phone in this category. Fabulous design, fantastic performance, wonderful display, and looks premium. The one and only issue with this mobile is the battery, which is draining fast. But the ultra fast charging is at its best. They could have optimised it better. I hope they optimise this issue in the upcoming updates.Getting heated...!!"
132,Nice looking phone
133,It is not of that level as it is being boast of. Not bad not so good.
134,Good product
135,Good..
136,Too much add in this mobile
137,Mobile is not good falltu camera
138,Nice products
139,1) this mobile is not suitable for 5g .. very slow2) Camera also not good ....
140,Camera quality is not good trust me!!
141,Heat issue
142,Waste of money
143,very nice for me cool looking device
144,Camera quality is very very poor even my older phone real me 5 pro is better than this ....and sound quality is also very poor... performance is okay... display and look is good
145,Amezing product and a good value for money. Thanks to the Flipkart team.ğŸ‘ŒğŸ‘ŒğŸ‘ŒğŸ‘ğŸ™ğŸ™ğŸ™
146,The performance is not gud display is awesome and camera is not worth for 24k I had some issues with 5g jio device is getting too head while playing pubg on high settings when we on hotspot it disconnected sometimes I am not satisfied with this product ğŸ˜”
147,Overall the phone is good. Os experience is poor just because of bloatware and unwanted features. Realme need to keep it simple.
148,NYC display
149,Good working
150,Awesome
151,Photo and camera Lajawab phone so super
152,Waste of money
153,very nice for me cool looking device
154,Camera quality is very very poor even my older phone real me 5 pro is better than this ....and sound quality is also very poor... performance is okay... display and look is good
155,Just Awesome.
156,Good quality but battery drains quickly..
157,The performance is not gud display is awesome and camera is not worth for 24k I had some issues with 5g jio device is getting too head while playing pubg on high settings when we on hotspot it disconnected sometimes I am not satisfied with this product ğŸ˜”
158,Overall the phone is good. Os experience is poor just because of bloatware and unwanted features. Realme need to keep it simple.
159,"The mobile is great, the only drawback is its battery backup, which is useless."
160,Good working
161,So match heating problems also battry discharge going fast I suggest never by this product.
162,"i buy from india and i brought to qatar, here not working network locked"
163,Best phone in this segment at present.
164,Perfect machine
165,The product is no doubt excellent in the camera and the display... The performance is too good according to the price... Thanks Flipkart for suggesting this in my feed ğŸ‚ğŸ™‡
166,Very nice ğŸ’¯ğŸ™‚
167,Very good ğŸ‘ğŸ˜Š
168,It have software issue. It automatically reboot itself 4 time in 6-7 hrs.Worst mobile in performance.
169,"Good camera quality, great future ğŸ‘ğŸ¿"
170,Nice
171,"Good phone all round phone best phone in this price belive to by.only problams in blotwares ,hot app and hot games .you set those problems in switch on time"
172,Curve display simply osm
173,Very niceğŸ‘
174,"Mobile camera quality is 3rd class, don't buy process was also poor performance. 3rd 3rd 3rd class mobile and camera quality very very poor"
175,Best mobile excellant camera super
176,Good camra and good performance
177,I will share genuine review about the device. The device design is awesome and the performance of the device is good for personal use. The battery backup is also good and the charging speed of the device is fast. And the camera quality is average. Iam using this product as my permanent device because I like this product so much. The display was the device is very awesome. So iam recommend this device to everyone.
178,"Camera is not as good ,100 MP is for show off only Battery drains quick"
179,camera result...... average...
180,Amazing mobile thank you realme. ğŸ™âœ¨
181,Display blink sometimes
182,Product is nice but I am facing trouble in face unlock it is working rarely and showing too much ads
183,Best phone in this range
184,"Design:- AwesomePerformance:- At this price range it's Ok typeSpeaker:- It's quite loud ğŸ“¢Mic ğŸ™ï¸:- No problemSoftware experience:- If you uninstall unnecessary pre installed apps than it is better  than other brand's UICharging speed:- ExcellentBattery:- AwasomeCamera:- Rear is Good but at this price range you will definitely get other options, but front camera is Better than rear ."
185,Just don't buy
186,Pros:DisplayBatteryDesignCameraPerformanceConsCamera lighting focus
187,Proximity Sensor while calling is not responding properly and also the display is not shows the finger print option until we press the power button
188,Nice
189,Mobile hang on first day.Display in excellent ğŸ‘.Many unnecessary apps are pre installed.I don't like app recommendations.. overall this phone is nice for normal use.
190,phone camera quality and performance is not good.
191,Camara quality is not good and battery is draining very fastly.Too much heating while gaming
192,Camera is avg and rest is good
193,battery draining fast without any use.
194,"handset is quite good .by holding it you get premium phone feel ,only drawback is many bloatwares and ad recommendation in this phone ,otherwise value for money"
195,Product is good and price is well because all is well
196,Like it
197,This phone design and display is great and battery is also good but in my phone fast charging issue 0% to 100% more than 1 hour time take.. other wise no issue in this phone ..
198,Good
199,"Awesome camera ğŸ“·Best Street Photograph,Portrait Mode is Super  cool"
200,Camera quality average hai
201,Superb mobile good performance overall display is super
202,Better but camera is not bad
203,Nice product mobile performance is super
204,"Nice phone but parformens lite batter.......                             Camera- very nice                                                        Display- very goodParformens-lite batter Battery- is okayVery good eye catchy phoneAnd last point this extra ad, blowed war"
205,Camera is very good
206,
207,I recently buy Realme 11 pro phone but my phone back panel is opening automatically. I request for return but my return request is cancel.Technicians is not visit my home so don't use Flipkart. Otherwise you lose your money
208,Mobile is heating
209,Good mobile charger and camera very good
210,"Not up to the mark ,waste of money"
211,Awesome phone  feel in hand like expensive phone..
212,Mobile heet
213,This phone heated more than 1hr uses
214,Veri nice
215,Good
216,Very slow charging80w charger my a$$ğŸ˜¡
217,Phone is display is  very good 5/5Battery capacity power is good 5/5Phone performance is also good games play is also good Phone camera is normal user is good
218,Good n premium design
219,"Good phone in mid range, luxury design"
220,Good
221,Design is out of the world and performance is very good
222,"Best design and kooks performance is very good, need to improve realme UI lots of bloatware and pre installed apps. Little bit issue with battery backup"
223,Amazing product by Realme. Awesome Camera and super fast battery charging. It takes approx 55 min to full charge from 18%. Flipkart delivered the product on time. Thanks.
224,Nice Camera ğŸ¥°Batter Good ğŸ‘
225,Looking is very goodBut camra worstCharger worst Because very slowly chargingAverage rating
226,"Display is awesomePhone looks premiumGood to hold in handBattery life is average,Fast chargingReal me UI is great, provides all optionsCons:No wide angle camera in this high priceBattery drains quickly even with normal usage"
227,This product not connected 5g . Performance is very below average.also mobile overheating issue and charging filling take time more than 1 hr .this product was not good..
228,This mobile camera quality is very bad..Please u can upgrade the camera quality...
229,Very very nice mobile ğŸ“²ğŸ“± cemra to beautiful and curve display is very nice go for it
230,This phone okay but we have problem with battery....
231,"Mobile processors is very slow,Something mobile will be hang"
232,Camera so disappointed only display design phone performance decent note properly gamingâ˜ºï¸ better option iq neo 6 and moto edge 40
233,Battery heating problem
234,It's very good product
235,Nice display ğŸ¤©Battery pickup is very goodSound quality excellent ğŸ‘Camera quality is amazing ğŸ¤©
236,Nice product
237,"As per looks it is a very good looking phone at this price range ,in hand feel is also very good, leather back finish gives the phone a premium touch too.In terms of performance I would say satisfactory not the best which is other brands are offering even at the same price or little bit higher but if you are not a performance enthusiast and doesn't do heavy gaming or any other task then definitely you should go with this phone . Next thing the battery of the phone is really commendable it do..."
238,Battery backup not upto mark and draining like it is 4000 mAH. Other wise it is ok.
239,Superb phone
240,The internet speed is not good. When I insert the same sim in other phone the signal is good
241,The Android system is not working properly and the mobile is being hanged regularly
242,Over heating mobile yarum vanga Vendam
243,very nice phone i am using it since 1 month camera is fine battery is very good
244,Dont buy this phone due to heating issue
245,Decent camera qualityBattery is also good for normal users Performance is good Display is amazing with the Dolby AtmosI really recommend for the of 25k Go for it without any hesitation you will not Disappoint after buying Great Superfast Delivery!
246,Worst camera there is no optimization of pics and very disappointed with this camera
247,So good
248,Camera quality is not good
249,Camera bad
250,Camera is not as expected...the quality of photos are  poor .and rest everything good
251,Nice product
252,Pros.. Superb device at this price pointâ¤Smooth experience while gaming browsing surfing internetAnd the display is really â¤.. Camera is also best in segment.. Cons Battery drains bit faster because of 5GNeed bit optimization on UIALTHOUGH they removed many Bloatwares . You just need to update this device ads will be automatically stoped .. Sharing this experience after 20 days
253,Battery draining fast...
254,"As per looks it is a very good looking phone at this price range ,in hand feel is also very good, leather back finish gives the phone a premium touch too.In terms of performance I would say satisfactory not the best which is other brands are offering even at the same price or little bit higher but if you are not a performance enthusiast and doesn't do heavy gaming or any other task then definitely you should go with this phone . Next thing the battery of the phone is really commendable it do..."
255,"Best phone at this price, camera is just wow display is super cool ğŸ˜ ğŸ˜ night clicks are just super wowğŸ˜ğŸ”¥ğŸ”¥"
256,Nice camera better than this price and nice to battery performance
257,Looking good
258,Nice phone at this price because of no one can give camera and processor both strong
259,Good and beautiful mobile
260,So match heating problems also battry discharge going fast I suggest never by this product.
261,Neither good nor bad ... Valuable for just rs. 24k .. but camera and battery is not that much satisfying..
262,"Good one.. At start i felt heating issue.... Day by day, mobile getting better.. Love this feeling touch of mobile..... Premium curved display ğŸ”¥ğŸ”¥...... Best for regular user.... Not for all time gamers..... Battery decent one.. Worth after 3 weeks use... Let's c in upcoming days"
263,One week used after  Honest Review* Camera not worth for 100mb but decent camera Quality* Battery very well Super fast Charging* Design next level Premium Look* Over-all Performance Good ğŸ’¯* Under 25k it's 90% Worthy- Only 2 nagative thinks we found use one or two hours continuously feel little Heating issue - chargeing back-up not well
264,"Very good, worth it"
265,Over heating issue this mobile is so heating ğŸ˜¡ğŸ˜¡ğŸ˜¡ğŸ˜¡ğŸ˜¡ğŸ¤¬
266,Great camara
267,"Cemara quality is very bad, doesn't look 20k+ phone where camera come out very well. UI is very dull. Extra loook nothing good in phone."
268,Very good phone for who want a phone for design and displayThis phone not for who are gaming lover and need a performance
269,Best quality
270,"Don't buy ,this isn't worth your 24k ,Buy it if you are getting it under 18k.Heating starts after 1.5hr of usage Camera is nothing just for show . Even my 4 year old Realme 5pro takes much better photos then this one ,it gives pixelated and bright photo even quality wise it gives nothing.Charging is same as vooc no difference between vooc and super vooc.Don't buy ,waste of money .No return policies are there on realme's product."
271,not bad
272,The camera is very bad. Totally not worth the price. Very disappointed
273,Good
274,Happy with the product delivered
275,Value money
276,Superb phone by Realme ğŸ¥°
277,Good
278,Writing this review after 10 days of using the phone.I Loved it especially the design.I has a  Great Display. Performance is also good considering the price. With the big display and 120 Hz Refresh rate battery backup is awesome.  In average usage I get nearly 7 to 8 hours of screen on time  And if play games it is 5 hours.Camera needs improvements. It can be done through a software update.Overall my experience with this phone is great....
279,Very good performance camera look sab best hai I am very happy for this
280,Neither good nor bad ... Valuable for just rs. 24k .. but camera and battery is not that much satisfying..
281,"Good one.. At start i felt heating issue.... Day by day, mobile getting better.. Love this feeling touch of mobile..... Premium curved display ğŸ”¥ğŸ”¥...... Best for regular user.... Not for all time gamers..... Battery decent one.. Worth after 3 weeks use... Let's c in upcoming days"
282,One week used after  Honest Review* Camera not worth for 100mb but decent camera Quality* Battery very well Super fast Charging* Design next level Premium Look* Over-all Performance Good ğŸ’¯* Under 25k it's 90% Worthy- Only 2 nagative thinks we found use one or two hours continuously feel little Heating issue - chargeing back-up not well
283,Battery damage
284,"Very good, worth it"
285,This is not for gamingOVERHEATING
286,Good product ğŸ¥°
287,Over heating issue this mobile is so heating ğŸ˜¡ğŸ˜¡ğŸ˜¡ğŸ˜¡ğŸ˜¡ğŸ¤¬
288,Great camara
289,Im not satisfied with battery.and camera also ok ok aft zoom pixel not working properly
290,Product is better and battery backup is so goodI like it
291,Good
292,Phone looking and camera ğŸ“¸ ok very nice phone
293,BAD AND IRRATATING
294,Worst product not worth value
295,Supar product in this range
296,"Best in the segment . Overall performance is good except the camera ,at this price range this type of camera is not expected."
297,waste of money camera quality is too cheap
298,battery issue
299,Nise phone ..... super ğŸ‘Œ
300,Weast mobile in FlipkartNo1 weast mobile
301,"Very good looking , attractive device performance is also very good , 60 fps bgmi smooth"
302,"I like its curved display, battery life and camera too.Battery will end in 1.5 day.Camera is too good."
303,I like the product so much... I like the deisign..i dont like its heating when we use hardly it may cause to warm the warm the phone... Dont heat its small warm it is the smallest problem i fase.. Another side it is perfect for all
304,
305,Lovely phone
306,Camera worst
307,Good
308,It's feeling like Traffic
309,It's good to use but curve display can break anytime.
310,Nice Mobile
311,Simply awesome by look wise .... Display superbOverall 4.75\5
312,Good camera
313,Good
314,Amazing camera nd display..but battery back up horrible..
315,In this price this mobile is very good bt the battery life is not as per standard.
316,If you touch and feel mobile you won't go for other phone
317,Camera and battery should develop
318,Phone Is Just Awesome And Very Premium.
319,Good product
320,Cemera not good
321,Design very nice.
322,Looking great. No issues observed wrt battery or performance. Great purchase indeed
323,Sera phone vaii
324,"Loved it every bit, should have included a wide angle camera in this model other then that no complaints."
325,Best Product 1St Review
326,Good
327,performance very good camera don't buy this phone Very amazing phone mobile is a very bad
328,"The camera is really great, and the photos taken are very beautiful. I have shown off my photos with my friends and shared them on social networking sites."
329,Awesome ğŸ˜
330,"Superb quality smooth running,âœŒï¸âœŒï¸âœŒï¸"
331,Good
332,Super
333,The display is very poor and not worth it for the price tag
334,waste of money.1. Motion sensor is not working all the time.2. finger lock not working properly.3. And many other problems like when you push power button google assistant open all the time.Its batter to purchase Oppo Reno 8T 5G.
335,Phone gets slow down in a month very slow phone dont like it .only display is good in phoneworst realme ğŸ¤¢ğŸ¤®ğŸ¤®
336,this phone has good camera and display is soo good i love the display of this phone
337,"This phone has next level craze in my area, every one getting happy or Shocked after seeing my phone because of it's awesome design, and the camera part of this phone is excellent ( thanks to OIS ), Aslo display of the phone is top notch."
338,Great phoneğŸ‘Œ
339,Best performance best design and good battery backup with 80 v charger
340,Very good mobile
341,ğŸ˜ awesome..
342,Amazing camera nd display..but battery back up horrible..
343,Best mobile phone ğŸ“±
344,If you touch and feel mobile you won't go for other phone
345,Camera and battery should develop
346,
347,
348,Phone Is Just Awesome And Very Premium.
349,Good product
350,Cemera not good
351,Design very nice.
352,Nice look
353,Very nice phone this segment and camra is very super and display is awesome and battery is good performance.
354,Price value best phone
355,Please don't buy this type of product and don't encourage this type of company.worst mobile I have seen for ever
356,As per look realme 11 pro is killer overall mobile performance and all is ok ok....something is mising hope you guy's understood....
357,"Fantastic phone at this price range .battery back up is good ,better than average phones of this segment.camera however is a big disappointing .doesn't come upto mark of 100 mp .may be with updates it improves.display is top notch"
358,Amazing camera with touch phone
359,This phone is not a 100MP camera quality
360,Not good
361,Bought friendly mobile
362,"Design is awesome ğŸ‘Œ and curved oled display is brilliant at the price and performance is decent, battery is also OK"
363,Phone performance decent with this price point but actually having problem with the battery maybe its because of 5g network and the camera quality my gosh the bad and the worst camera quality ever the night pictures are so bad that I would never opened camera in night again otherwise the display caught all the attention it's fabulous and the major advantage of phone.
364,Display and design .. ğŸ”¥
365,Good one buy it... don't think too much
366,Super pic and best product
367,Over all perform well
368,phone good but battery drain automatic
369,Really too good
370,Dont buy this phone screen refresh rate is not good touch responce is sow only camer was good RENO 8T is better than all segments.....
371,Super ğŸ“¸
372,Very good product
373,Nice mobile iam very happy
374,Good
375,Good product
376,Good ğŸ’¯ğŸ‘
377,Very good Product
378,Nice
379,The product is very nice according to the price point. You can go for it.
380,Product is good. I like design. I
381,Looks good easy to use camera and sound is also good
382,Very good product
383,"Only highlights is curve display and design....Camera, performance,haptic and battery backup is average.Please don't buy this phone .go for OnePlus Nord ce3."
384,Marvellous designMain Camera : 10/10 Night Mode : 10/10Portrait : 10/10Zoom : 9/10Front Camera : 10/10Video : 9/10Battery : 10/10Performance : 10/10If you are looking for an all-rounder device under 25K budget then this can be your perfect choice.
385,Very nice
386,The realme 11pro 5G device is very impressive with its outstanding performance with the integrated media tek chipset.A camera is a big thing the primary sensor is a 100MP sensor in the 11pro. The photos come out with quite good dynamic range and sharp photos.
387,After using it for 1 week this is the best smartphone Realme has launched. It supports 5G so well but camera is not up to mark.
388,God
389,Nice
390,Best camera phone for 200 mp
391,Nice product
392,This phone super camera and display quality
393,"Phone perfomence , speed super good ğŸ‘"
394,Good Phone
395,Nice
396,"It's a mind blowing camera, display, battery backup everything is good."
397,Performance us too good
398,Excellent
399,Butiful set
400,Nice Realme
401,Good product
402,Camera quality not good
403,"Avarage, decent camera"
404,Awesome
405,Very good
406,Good loock and very fast good camera
407,Good one
408,Display and design are super.
409,Yes product is very good but some battery ğŸ”‹ drain fastly
410,Very nice ğŸ‘ smart mobile
411,Nice product and softly use the mobile operator
412,Battery drain fast
413,Avarage
414,Very bad product
415,Realme 11pro is very nice phone in all sesterm must
416,Speaker sound quality is very poor... rear camera is also not good..... Low light pictures are very poor.....
417,Nice mobile and nice
418,"i luv this design,n display"
419,Design n colour was gud like this very much
420,Nice designed mobile With wonderful display ğŸ™‚
421,Average mobile.Nothing special features to use. There is no wide angle.
422,Good
423,Nice
424,
425,Product is good but delivery boy is awsome
426,It's a all rounder phone but it have some heating issues
427,This phone very slim
428,Very very nice product ğŸ¥°
429,Nice mobile
430,"Very nice mobile, just back cam little bit heavy, remaining all simply superb in this price."
431,All ok but camera disappointed ğŸ˜” night mode camera not working properly and normal photos coming softy pictures iam not satisfied in this budgetğŸ˜”ğŸ˜”
432,Heating problem like pubgCamera ok okBtry ok okCharging speed very goodDisplay awesomeDesign again awesome
433,This is my third Realme phone after Realme 6 Pro and Realme X3 Superzoom. IT IS A COMPLETE HEAD TURNER. ğŸ’¯ğŸ’¥My one day use review:Camera: 8/10Design: 10/10Battery: 9/10Charging: 10/10Gaming: 10/10UI:10/10Display: 10/10Head Turner: 10/10Fingerprint: 9/10Face ID: 10/10Price: 9/10Value for Money: 10/10Conclusion: at 24000 this is a steal deal. Just go for it. Ankh band karkeğŸ™ˆ....â¤ï¸
434,"Decent camera, premium look and design and good for gaming ."
435,"Cemara just okay, I am not good on product"
436,camera quality was not too good.
437,"As i expect it is not like that.Screen on and off sensor is not working proper, even after two update.Camera is like ok ok.It's charge quality. Processor is not justify the price.My previous phone poco x 2 much better from realme 11 pro"
438,Good product
439,This phone is really premium in handfeel and performance is superb
440,Just an average phone with too much hype. It's worth Rs.15k and surely it will touch this price very soon for its poor performance. Camera is quite bad
441,Good I like this
442,Value for money.
443,1 curved display best for watching videos photos Social media apps and youtube2 good design 3 performance is average not good for gaming specially high end games. You can play medium level games4 camera is below average do not buy this phone for camera no 4k 60 fps selfie camera also not good 5 battery Is good I got 6 to 7 hour screen on time
444,Thank realme.. 11 pro nice phone . beautiful disine and nice photo camera best parformance.  good  Dolby sond . beautiful display.. good very good . superb excellent nice. ...
445,Good ğŸ’¯ğŸ‘
446,Nice products
447,Gud
448,Nice
449,"Everything about this phone is superb except for the camera, but if you know how to adjust in pro mode it is good.."
450,Super Product is awesome and Beautiful Not single Damage On Mobile Not dust Particles â¤ï¸â¤ï¸ğŸ˜¼superb Like it Go for it ğŸ˜¼
451,cemara low quality
452,Looks good easy to use camera and sound is also good
453,Very good product
454,"Only highlights is curve display and design....Camera, performance,haptic and battery backup is average.Please don't buy this phone .go for OnePlus Nord ce3."
455,Super quality
456,Everything is ok but battery not up to the mark
457,Good product
458,Good phone but the back is not leather it is pasted and can be removed or get removed easily.Battery is also no very good.
459,Best realme 11 ProThank Flipkart
460,A good phone under the budget
461,Nice product
462,I bought this mobile 1 week ago and now I'm giving score to this mobile. The camera is the mobile is avarage (not so good and not so bad) The battery and display are the best part of this mobile. It's give flagship feel.The processor also so good ğŸ˜Š
463,
464,Very nice mobile
465,Mobile best product
466,Not bad
467,"Being a Realme fan, awesome Phone, design is very catchy. The camera and battery backup is best. Must go for it ğŸ˜‰"
468,Very good
469,All features are good in this price range but some camera issue and battery drain so fastğŸ‘ just go for it
470,At one word we can say it as all rounder.
471,Extremely good product
472,Nice mobile with good looking1) fast charging 25 minutes full charge from 2%    to 100%2) Best in level of camera 200 MP3) battery back up also very good.
473,Don't Like This Camera . Display And Sound Quality Not Below fro Money
474,Battery charging
475,"Mobile phone is awesome design , performance,battery and etc all good but front camera missing details in low light and a slight   difference in some apps performence like its takes very long time to processes."
476,Ordered 2 same mobile at the same time.The mobile build in quality is awesome.look is great and operation is quite smooth.But my delivery experience for one mobile was horrible
477,
478,Lovely product
479,"Osm camera phone ,,, I will recommend for this phone under this price . Go for it ."
480,Nive
481,Good but price is little bit high
482,Awesome go for it
483,"Wonderful Phone and i strongly recommend purchase with Seller Grahgoods retail, because seller is good"
484,So much for 100 mp My samsungs 32 was better in quality
485,I like this phone
486,Good
487,Not bad in this price range Go for it
488,Super nice...Worth it...! Love this product..â¤ï¸â¤ï¸
489,Best mobile under 25 kBest design and performance
490,After use 7 days camera is not good Battery backup only 07 hrs
491,Nice product
492,Battery drains when data is on although browse or not.
493,Excellent design
494,It's nice
495,Good features but battery performance not that much good and camera is ok because it modify the picture.
496,Good performance
497,In two days back leather of this got tampered so build quality is really bad as per the reputation
498,Camera quality is very bad ğŸ˜¡ğŸ˜¡
499,the phone won my heart and very nice working
500,Good product
501,Nice display ğŸ‘
502,Super price value for money
503,Good money worthy phone
504,Super phone but back came not clarity other wise phone good
505,Value for money
506,This phone performs better than I expected
507,Just ok
508,Good mobile
509,Mobile very nice but lower lower add add add hot game hot apps
510,"I am writing my review after one week of usage, and found my phone behaves on its own. Like display flickering and icons got selected automatically. I couldn't able to do anything unless I rebooted the device to bring it to normal mode. I never faced this type of situation with my previous phones."
511,Very good phone
512,Very nice phone in this price range. This is the best one compare to realme 10 pro. Battery is some what disappointed. All other features are good
513,I bought this mobile 1 week ago and now I'm giving score to this mobile. The camera is the mobile is avarage (not so good and not so bad) The battery and display are the best part of this mobile. It's give flagship feel.The processor also so good ğŸ˜Š
514,Very nice product
515,Phone is Mind Blowing Super Disign And Performance Go For It
516,Nicee awesome
517,Very nice mobile
518,"Very good design and display, camera is average battery backup in 120 hz and in 5g mode will drain fast.If you use normally then it will go for 8-9hoursPerformance is very good."
519,Good
520,Not bad
521,It's temper glass is very low quality
522,"Being a Realme fan, awesome Phone, design is very catchy. The camera and battery backup is best. Must go for it ğŸ˜‰"
523,Very good
524,Very nice
525,Good product love it â˜ºï¸
526,Extremely good product
527,Nice
528,Nice mobile with good looking1) fast charging 25 minutes full charge from 2%    to 100%2) Best in level of camera 200 MP3) battery back up also very good.
529,
530,Don't Like This Camera . Display And Sound Quality Not Below fro Money
531,Battery charging
532,"Mobile phone is awesome design , performance,battery and etc all good but front camera missing details in low light and a slight   difference in some apps performence like its takes very long time to processes."
533,Product is awesome
534,Not bad but camera not clarity and battery not stable for one day
535,Super
536,Nice
537,Very nice phone... looking superb
538,Under 30k like good mobile
539,Worth camera
540,Automatic screen off and camera also pls don't buy this phone
541,Good
542,Gud phone
543,Design good but battery backup is very poor and camera performance is ok
544,Overall good
545,Very good this price sigment
546,This is the best mobile in my life ..If u search the best phone then u definitely go for it
547,Nice mobile
548,"Very amazing looking phone.You are never gonna regret this buy.Amazing camera, Amazing design.Sometimes app crashes but that is okay at this price point.Smooth gaming experience."
549,Good
550,All are good but tempered glass problem.
551,"This is my review after 10 days.After days of searching for a new phone atlast i found a phone that is capable of my expectation.pros * looks great* mind-blowing display quality* curved display at this rate (even though there are other phones with curved display but it is the latest in market so) * fast charging* Good processor(if you had watched the review of youtubers about this phone,you will understand for what users it is apt for) cons* camera is not up to the level.(At this ..."
552,Very bad
553,Nice
554,Super super good ğŸ‘ğŸ‘ğŸ‘ŒğŸ‘ŒğŸ‘Œ
555,Awesome phone
556,Tq
557,Nice
558,Good
559,The mobile is osmğŸ‘Œ camera performance is so good
560,Good performance with this price range.
561,"Processor is just ok, Cameras are not very good and useful. Other aspects is good."
562,Nice phone
563,Mind blowing phone...but I am not exchanging my old phone to FK. Offer Price is too low.
564,Good ğŸ˜Š one worth for money
565,Avareg
566,Good product
567,Ok. H mobile
568,Very good picture quality and camera ğŸ“¸ I love it ğŸ˜
569,Camera quality good
570,This realme 11 pro is a scam...other features are great but the camera 100+2 MP ois is worse than a keypad camerağŸ¤®ğŸ¤®
571,Good
572,Very nice
573,Superb design...ğŸ‘ŒğŸ‘Œ
574,Proximity Sensor while calling is not responding properly and also the display is not shows the finger print option until we press the power button
575,"Light weight ,Thickness is high while compared to Vivo mobile, Battery charge is good Take 45 mins to charge the mobile.Over all wroth for money.."
576,Very good phone
577,Very nice but bettery big problem
578,Camera is awosem
579,Affordable
580,Good ğŸ˜ŠğŸ‘
581,Good
582,Good ğŸ‘
583,"It's been more than 10 days I am using this phone 1.Design -  awesome 2.build - good 3. Battery backup - can be better but good for average user phone call , video , photo click not  for gamer 4.UI curve display looks elegant colors are good 5.performance 120  refresh rate from company   but support mostly 60 to 90 fps very rare it is 1206.Comes with 80w vooc charger but phone support only 67 W it is weird 7.charging time is very less about 23 to 25 minute for 100 percent charging 8.n..."
584,Wast product
585,Camera quality is very poor. Batter backup is very bad.
586,Good quality camera and best mobile phone
587,This phone is amazing
588,Exllent
589,Good
590,It is really worth it to buy this products for everyone thanks FLIPKART
591,Camara not as per standardBattery drain fast Touch n performance is good.But seems costly in this range
592,Super
593,"Good design , battery backup, flawless experience,Display and sound are also good.Not felt great with camera though it is 100mp within the price range and color options hence given 4*"
594,Nice phone
595,Good
596,"It's  perimum range for mobile,camera is very nice,gaming is normal play."
597,Best camera quilty
598,Good
599,"PositivitiesIt's Display, Battery pickup, and Design is good.Camera is average.Negativities Overheating.Finally it is not worth for 24000."
600,good
601,Very nice phone... looking superb
602,Under 30k like good mobile
603,Happy
604,Automatic screen off and camera also pls don't buy this phone
605,Good that's it
606,Good
607,Gud phone
608,Nice product
609,Not so good camera
610,I'm happy with product ğŸ˜Š
611,Ok
612,Value for money ğŸ’°
613,Very good phone so I am very happy
614,After using 1 month front camera blue.grainy picture capture
615,Great
616,Good but back side painting not permanent
617,It's a good mobile in this range you can go for it .
618,Super phone
619,4k vedeo High quality superb
620,Good phone
621,Nice DesignI Am Happy To Buy This Mobile
622,Display and battary is awsome Need to improve software
623,Nice
624,Nice phone camera is Good
625,"Good, need to work on camera and battery life, apart from these 2, perfect budget phone."
626,Nice product
627,Great design and lovely touch quality value for money thank youPlz improve camera quality in this price plzğŸ™‚
628,It's very good but I can feel heat when the phone case is weared
629,Awesome Mobile ğŸ‘ŒğŸ‘ŒğŸ‘Œ
630,Looks amazing
631,Nice ğŸ‘
632,Superb product
633,Not good camera
634,Good option for 25k
635,Don't buy jio users please.5g not sported ğŸ‘ company never told that.
636,All good but the battery performance is like it charged very fast but it finish also very fast
637,Good
638,Amazing DesignSuperb performance
639,Lovely experience using real me 11 pro 5g phone .value for money you can say.
640,Good phone amazing photo quality in this price
641,Very Good mobile ğŸŒ¹ğŸŒ¹ğŸŒ¹
642,Awsome display good performance
643,Perfect phoneValue for money ğŸ‘
644,Superb
645,Nice one phone i am so happy thank real me
646,Nice phone
647,"**Don't buy** Recently purchased this product and I am really disappointed. First of all the product processor is very very underated as compared to its price, camera quality is not good ,only selfie camera is like ok ok. 3rd most important thing is that the phone consist of very very much bugs. So I have contact to the company but they are telling me to do factory reset and backup your data and for this purpose visit to your nearest realme store , some applications some additional features ..."
648,Very nice phone....gd camera and working smooth...all over wowwww thanks realmeğŸ™ğŸ’¯ğŸ‘
649,very good
650,Thanksgiving flip card
651,"Camera okok not bad But all good futures exlent experience I'm enjoying fullMain display, performance, battery"
652,Nice phone
653,Display and camera is good..Better than nothing phone 1 display
654,"* royal look ,* camera quality is awesome,* battery backup is also good ,* some time become heat while charging or playing     game,  but that can be negligible, * performance wise , good enough at this price ,"
655,Display is osam ğŸ”¥
656,Nice
657,Screen is Awesome...selfie not satisfied ...100mp camera..clarity is nice faces showing with bright
658,"The phone is very nice but its display is very fragile and its screen guard is also very expensive.Since the back side has a leather finish, it also gets stained."
659,Worst design quality of back panel within few days my phone back remove
660,Good to use.. Recommend to everyone who's budget.. under 25
661,Nice mobile' total 4.2
662,Diplay ok but battery fast draining and camera fully whitesh and over heating issue
663,Very good
664,Looking so awesome ğŸ˜I'm so happy
665,super
666,Avareage phone
667,Most beautiful phone
668,Good
669,"Mobile design was superb, performance was good until now."
670,Nice â˜ºï¸
671,Worth for price
672,Super mobile hit performance
673,Ok ğŸ‘Œ
674,Nice camerağŸ˜
675,Excellent mobile executive look
676,Here is mentioned 67wt charger but I got 80wt â˜ºï¸and phone also looking awesome curved display good battery and awesome camera
677,Nice product
678,Very good mobile
679,I'm happy with product ğŸ˜Š
680,Ok
681,
682,Value for money ğŸ‘ğŸ»
683,Very good phone so I am very happy
684,Camera quality during video calling is very bad
685,After using 1 month front camera blue.grainy picture capture
686,Great
687,Good but back side painting not permanent
688,Osam
689,Good
690,Very good
691,How to you smart and good
692,Gud product
693,Good this price range
694,Good product .
695,Awesome
696,"All is Good , but battery decrease fastly"
697,Smooth performance and display is amazing. Wonderful experience. If ur a normal user go for it.
698,Very nice cemra
699,Nice product...
700,"I think , in this price range it's awesome"
701,Very nice ğŸ‘ğŸ™‚ happy to use
702,Mob is good
703,Phone is very much nice and performance is good
704,Very Nice phone
705,Excellent condition â¤ï¸ğŸ‘ŒğŸ‘ŒğŸ‘Œ  Nice Phone
706,"Calendar is not working properly, can see a lot of lag while using the phone"
707,Amazing DesignSuperb performance
708,Awesome
709,Lovely experience using real me 11 pro 5g phone .value for money you can say.
710,Good phone amazing photo quality in this price
711,Battery backup not good and sound not laud
712,Very Good mobile ğŸŒ¹ğŸŒ¹ğŸŒ¹
713,"Best phone of realme, amazing performance, value for money"
714,All good ğŸ‘ğŸ‘ but battery performance is not an my expectation
715,Very nice product â¤ï¸
716,Perfect phoneValue for money ğŸ‘
717,Superb
718,"Good quality, good delivery ğŸšš"
719,Best phone
720,Nice phone
721,"Very good looking , attractive device performance is also very good , 60 fps bgmi smooth"
722,Battery draining issue and hang
723,very good
724,Thanksgiving flip card
725,Display automatically stopped and white line are comes
726,"Camera okok not bad But all good futures exlent experience I'm enjoying fullMain display, performance, battery"
727,Good for average (common) user
728,Excellent ğŸ‘ŒğŸ‘ŒğŸ‘ŒğŸ‘Œ
729,Please not purchase this phone not working
730,Good camera quality ğŸ˜‡ğŸ˜‡
731,Good Camera
732,Don't buyHeating issueVery bad battery backupNetwork issue
733,Battery superDisplay super Performance super Camera decent overal super under 25k
734,I am buy this mobile loss my money This mobile bettry is very bad performance Please do note buy for this mobile
735,Display is the best in mobile
736,Waste
737,Camera very Poor
738,This product really appreciatedà¥¤
739,Ok
740,Excellent great Flipkart beautiful productPremium look excellent Camera performance excellentBattery timing performance excellentButter feel look very niceAfter received in 12 days performance excellent
741,"Ok,not so good but good."
742,Ok
743,Realme Big fan mobile company realme 11pro Best rang price Flipkart best selling price thanks for Flipkart
744,Realme Made Real Multitasking Fashionable Flagship Awesome Device Price Segment Break The Other Brand Market Great Job Realme
745,Best mobile best quality best camera best performance best seller best Flipkart site
746,super phone excellent camera
747,Nice camera
748,Good
749,Very well product
750,Loved it...
751,Display is very goood but front camera average
752,Good phone ğŸ’¯ thank you Flipkart ğŸ™ƒ
753,Performance better but setting is not okay
754,Best mobile. amazing mobile camera
755,Design is awesome.
756,ğŸŒ¹ğŸ’•ğŸ¥°ğŸ¥°ğŸ¥°ğŸ˜ğŸ˜ğŸ˜ğŸ˜ğŸ¥³ğŸ¥³ğŸ¥³ very good product ğŸ˜ğŸ˜ğŸ¥°ğŸ¥°ğŸ¥³ğŸ¥³ğŸ¥³ğŸ’•ğŸ’•âœŒï¸âœŒï¸ğŸ’•âœŒï¸âœŒï¸ğŸ’•
757,Good phone i am very impressed ğŸ¥° love this phone but battery backup average
758,Has been good till now.very rugged as well as drop resistant.
759,Nice phone
760,Display and cam very good but Battery performance poor.
761,Nice
762,Best display but outdoor visibility is ok and charging takes time to complete 100% Overall A good phone from Realme
763,Excited to do the features
764,Good Product
765,Phone is good. But camera auto processing is not good. Also WiFi calling doesn't work properly. Samsung WiFi calling feature was better in low network areas like apartments.
766,It's very good camera and phone
767,I had faced a problem with display of the phone after update within 7 days of purchase. Realme and Flipkart took time but gave me a replacement of my phone. The provided a brand new handset. Great customer service from Flipkart and realme.
768,Best performance phone but with too many ads and bloatware.
769,Best product
770,Good
771,Very Good
772,Very nice ğŸ‘
773,"Battery was not good, waste battery backup,4 to 5 hr work only and also network problem in this mobile."
774,Not expected
775,Just Amazing Product ğŸ’•
776,Very good phone in this price range. Awesome design and good amoled display. Camera quality also good.
777,Very bad battery backup.
778,Good product nice design
779,Excellent
780,worst mobile i never seen in my life hangging too much.very bad experience
781,Very nice at this price you can go for it .
782,Behtarin
783,
784,Very Nice phone
785,Excellent condition â¤ï¸ğŸ‘ŒğŸ‘ŒğŸ‘Œ  Nice Phone
786,"Calendar is not working properly, can see a lot of lag while using the phone"
787,Good
788,Very bad camera
789,SuperbğŸ’—ğŸ’—ğŸ’ğŸ’ğŸ’Awesome phn at budget
790,Good mobile
791,"Very nice , every feature is ğŸ”¥ğŸ”¥"
792,Very good camera quality and features ğŸ˜ğŸ¥°
793,One the best mobile
794,Good Product.
795,"i luv this design,n display"
796,Audio voice is great of this mobile
797,Display quality is poor
798,Good product
799,Good phone
800,Mobile to hot not in a summerMobile full charge battery was not good charger
801,Product is good but battery back is not so well
802,Good quality nice looking and display was heating in 10 min of use
803,Excellent
804,Good camera quality ğŸ˜‡ğŸ˜‡
805,Good Camera
806,Don't buyHeating issueVery bad battery backupNetwork issue
807,ğŸ‘ Thanks Excellent product verry Nise
808,Battery superDisplay super Performance super Camera decent overal super under 25k
809,Good
810,Best mobile.
811,I am buy this mobile loss my money This mobile bettry is very bad performance Please do note buy for this mobile
812,Display is the best in mobile
813,Perfect for those people who want to use in normal day not gaming . If you are a gamer than this is not the best option because frame drop is maximum in this phone
814,Great Phone!!If you are not a heavy user then this phone is for you.Pros: Light weightGreat designDisplay is fabulousStereo speakers are goodIn hand feel is very niceDecent performanceFast in-display fingerprint scannerOIS in main cameraNice UICons:Decent CameraToo many BloatwaresOverall good smartphone for day to day use.
815,Good
816,Good
817,Good in budget
818,Nice ğŸ™‚ sisw
819,"Altimate display,super battery pick-up,always super ğŸ‘ŒğŸ‘Œbut waight phone ğŸ˜ğŸ˜"
820,Super camera ğŸ¤³
821,Ok
822,Good product cam quality super excellent
823,Realme Big fan mobile company realme 11pro Best rang price Flipkart best selling price thanks for Flipkart
824,Look wise phone is just awesome. Display is super smooth ğŸ˜˜
825,Awesome product sure buy it u love that features and worthy for it's price
826,
827,Best mobile best quality best camera best performance best seller best Flipkart site
828,super phone excellent camera
829,"Nice mobile, awesome speaker"
830,Good
831,Performance to price point is good after all. Nice display with good camera. In hand feel is good. Back is plastic though. Unique design.
832,Good product
833,Nice looking is product and very very nice
834,"Just opened new phone, but it's battery draining in few hours, within 4-5 hours it's become 100 % to 10%"
835,Full
836,Every thing is good but camera is not like 100 mp.
837,Nice product
838,Egnore camara and other wise ok
839,Good product
840,Osm product â£ï¸
841,Battery issues
842,Nice camera
843,Must buy
844,Battery backup is not perfect I have user 4 to 5 time in days
845,Amazing!!!
846,"The product is awesome and so stylish,the camera is also good."
847,Nice phone and PhotosBest Profomence ğŸ‘
848,"Phone is superb in appearance,good display, camera but poor in performance"
849,Very nice phone for gaming
850,Using from past 15dayz two times it lagged and camera is ok
851,Great device at a great pricePremium looks and features
852,Best
853,Very nice and amazing phone
854,"This Product is Very Good , Then Deleverd System is Very Bad@"
855,It's very good camera and phone
856,
857,I had faced a problem with display of the phone after update within 7 days of purchase. Realme and Flipkart took time but gave me a replacement of my phone. The provided a brand new handset. Great customer service from Flipkart and realme.
858,Best performance phone but with too many ads and bloatware.
859,Good
860,Amazing ğŸ¤©
861,Good
862,Super
863,All over a good package.I love the Curved display ğŸ˜˜.I will update my review soon (after using it some days).Note: Please use GCam instead of the default camera for Great photos.
864,Like good
865,Overall good
866,"Mind blowing mobile, camera outstanding overall superbbbbbbbbb mobile"
867,"Excellent product , good working"
868,Average price good quality.
869,Next level mobile screen is ultimate and back side design is too good and weight less mobile just go with this product u will definitely satisfy... Real me is really good this time ..
870,Processor is good camera is ok display is awesome value for money
871,Very nice at this price you can go for it .
872,Best mobile and also curved displayPlease buy this mobileVery nice
873,Good phone
874,What a camera ğŸ“¸
875,Very bad product. My Mic is not working after 1 week
876,All good ğŸ‘ğŸ˜Š
877,Nice phone . Very good
878,Nice display
879,Ok
880,Very nice camera ğŸ“¸ğŸ¤³ğŸ’ğŸ’– Very good display ğŸ’–ğŸ’–
881,"Processor good performance, i like this display"
882,Very very nice mobile ğŸ‘
883,Good product
884,Owsam product
885,Camera quality very poor
886,Quite good
887,It's very good product
888,Mobile to hot not in a summerMobile full charge battery was not good charger
889,Product is good but battery back is not so well
890,Using this beast from the last 7 days. Really impressed with all its features. Just loving it so much.
891,"After about one month of usage, I can safely say, it's a good phone. Looks are nice and the build quality is sturdy too. The call quality is good over VOLTE, but only fair, if you call someone who is on 3g network. Camera quality is good for casual shots, and I didn't expect anything better. I clicked couple of pictures in daylight and that was my impressions. Your's may be better.Battery management is not that great, mind you, I am not a heavy user. It could have been better for a 5000ma..."
892,Good quality nice looking and display was heating in 10 min of use
893,Excellent
894,Nice
895,Good product good battery backup good camera
896,Phone is really goodğŸ‘
897,My realme X2 didn't make much difference by changing it's just 5G It is just the display which is good but should not have been changed.
898,Best ever phone in this price range.
899,Best phone
900,Mobile look is amazing
901,Good amazing mindabloing very good experience
902,Super
903,"All over good,but heating problem,Camera is wonderful,"
904,Bed mobile
905,Very good product I'm happy ğŸ˜ŠğŸ˜Š
906,Looking wise osm look ... And best color it is ...ğŸ‘ŒğŸ‘Œ
907,"Altimate display,super battery pick-up,always super ğŸ‘ŒğŸ‘Œbut waight phone ğŸ˜ğŸ˜"
908,Super camera ğŸ¤³
909,Love you Realme 11 pro
910,camera is too much clarity bettry also good overall phone is awesome we satisfy.
911,Nice product ğŸ‘
912,Must buy..
913,Nice ğŸ‘ğŸ»
914,Best experience phone
915,Product is good in this price.
916,Nice phone
917,Awesome
918,Value for money
919,Good
920,Nice product
921,Worth for money
922,Awesome phone
923,Overall performance is good. I like this product with that back finishing â˜ºï¸ it's soo good
924,Camara is ok
925,Smartphone is good. Main attraction according to me is display and design but i didn't liked camera.
926,It's good
927,Battery very poor
928,Good But Battery or performances and unwanted ads is not good ğŸ˜”ğŸ˜”ğŸ˜”
929,Very nice
930,Best phone of off realme me
931,Superb product
932,"Nowadays realme mi vivo oppo gaving best mobiles, best design etc under low price"
933,Good
934,Very good product
935,Very expensive model
936,I will not recommend anyone to huy this phone.Not a value for money product.
937,Good
938,Very nice ğŸ‘ mobile
939,It's look is so amazing ğŸ˜ and performance is so good
940,It's like lagging while using phone  and while using other app it automatically switch to another and screen flashes multiple times...my real me 6 is far better than this in terms of performance
941,"The product is awesome and so stylish,the camera is also good."
942,Nice phone and PhotosBest Profomence ğŸ‘
943,"Phone is superb in appearance,good display, camera but poor in performance"
944,Very nice phone for gaming
945,Using from past 15dayz two times it lagged and camera is ok
946,Great device at a great pricePremium looks and features
947,Best
948,
949,Very nice and amazing phone
950,"Used over one month, and the experience is 1 out of 5 , processor laging all time , sometime device is not working properly. not worth the money ğŸ’°"
951,Don't order please ğŸ¤®ğŸ¤® battery issue
952,One of best product i use in this price.Hardly recomended to buy if u wanna buy in this price range.Phn is super fast display is aswome gaming like butter.Camera is good.Battary is ok but in this disply its ok.nothing worry abt it.
953,Fantastic
954,Good phone ğŸ¤³
955,"Totally satisfied with the purchase. The phone looks and feel stunning, will surely recommend it"
956,Awesome phone.... review after 1 week....if you want a phone for view videos and network activity just go for it....if u looking for gaming it's not recommended bcz 1 charge =8 hrs for normal usage
957,Very good product
958,Awesome
959,At this price range realme 11 pro superb
960,I loved it very good phone camera is very nice display also very nice super performance in this budget  very nice design Battery backup super I want say that in this budget phone is allrounder best in everything I really impressive
961,New design very good performance camera is awesome And display awesome
962,Very good
963,Nice phone
964,Super
965,Good product
966,Amazing ğŸ˜
967,Overall good product. .
968,Camera- 5Battery - 5Design - 5Value for money - 5Performance -4
969,Every Thing Is Good In This Price Segment But One problem Is That Not True 120fps
970,Awesome display quality with dual audio speakers and DolbyğŸ”¥
971,Excellent product.
972,Awesome ğŸ‘
973,
974,Good
975,Beautiful
976,This phone is good
977,Camera ğŸ¤³  just awesome ğŸ¥°ğŸ¥°ğŸ¥°
978,Very good phone.Excellent design.Loved it.Camera:â­â­â­â­Battery:â­â­â­â­â­Design:â­â­â­â­â­Performance:â­â­â­â­â­Overall:â­â­â­â­â­
979,"Awesome product, but UI is not as impressive as MIUI"
980,Excellent
981,Good phone
982,Nice product recommended from me but one issue battery drain faster and charging speed is not much good as well. Device full charges from 0 to 100 with in 50 minutes. Otherwise everything is best loved it ğŸ¥°
983,Looking premium
984,Battery and overall phone performance is very poor ... Bad experience with realme
985,Good looking phone.
986,Nice
987,Good value for money
988,Awesome
989,
990,Excellent ğŸ‘ŒğŸ‘ğŸ‘ŒğŸ‘ŒğŸ‘ŒğŸ‘ŒğŸ‘ğŸ‘
991,Phone get worm little if i use more time
992,Good product good battery backup good camera
993,Not good except for the display.
994,Phone is really goodğŸ‘
995,"Phone is very very nice ğŸ‘ and display, battery is so good ğŸ‘ .  Camera is very good but some reason is disappointed ğŸ˜"
996,Display quality very poor
997,This product is very wonderful at this price and design of product is very wonderful
998,Nice phone in this price
999,good one
1000,Ok
1001,Good camera but battery power
1002,Good I like
1003,I'm Satisfied with this device  I'm using this device I'm happy of this phone if you want to buy phone under 25k this device this device is capable to buy
1004,Well designed phone with curved display.Good battery backup with 5kMAHCamera is not so good
1005,Good mobile
1006,Very good
1007,Good mobile phone in this price
1008,"1. No compromise in Battery, design, display. 2. Camera is same is same as one plus , or redmi at this price. It gives a natural tune in indoors or in shades.100m camera doesn't provide that much details.3. Processor really disappointed me . 4 . Bloatware, or adds aren't a big problem. Just don't allow any permission to phone. 5. Buy 256gb instead 128gb varient."
1009,Best at this price
1010,Camera is not good
1011,Nice phone
1012,Good quality
1013,I am very happy in this product
1014,Camera is worst and processor also lagging
1015,Allrounder mobile.....ğŸ˜ totally satisfied..â¤ï¸â¤ï¸
1016,
1017,Curve display simply osm
1018,Very good display
1019,Super
1020,Nice phone ğŸ‘
1021,
1022,This could be the beautiful moblie i ever using because of the OLED panel  great display crystal clear images and videos such an awesome phone
1023,
1024,Nice phone
1025,Hiting issue camera on
1026,Excellent Mobile Display awesome quality camera awesome ğŸ˜ğŸ˜ğŸ‘
1027,Next level super
1028,Product is good they said 67 watt charger in box but inside box 80w charger it doesn't supporting quick charge phone is to slow
1029,"mobile is overheating, hanging"
1030,Very good performance
1031,Good
1032,Realme 11 pro 5G reviewNice phone. So far working as expected.
1033,Good phone
1034,Camera nice
1035,It is good in this price.
1036,All the best phone Realme 11 pro
1037,Best phone of off realme me
1038,Superb product
1039,Good
1040,"Nowadays realme mi vivo oppo gaving best mobiles, best design etc under low price"
1041,Very good product
1042,Very expensive model
1043,I will not recommend anyone to huy this phone.Not a value for money product.
1044,Good
1045,Very nice ğŸ‘ mobile
1046,It's look is so amazing ğŸ˜ and performance is so good
1047,Awesome
1048,"other than extra apps and ads , everything is fine , just buy it and you can remove the unnecessary ads and apps.. But if you want the gaming phone , I prefer iIqoo neo 6 which is best under 35k"
1049,Good product and value for money
1050,Price is good just nice mobile
1051,All are good
1052,Good phone
1053,Nice nice
1054,This phone is really amazing. Specially the design and the camera is awesome ğŸ¤Œâ¤ï¸
1055,ğŸ‘ good
1056,Heating problem
1057,"Batter drain too fast ,but ok for one day normal use"
1058,Super
1059,good
1060,Superb
1061,Super se v uparğŸ¤©ğŸ¤©
1062,Only design well
1063,In this price range camera can be better but overall good phone
1064,Good
1065,Back lather is not good .very poor qualityScreen to body ration is good
1066,Super
1067,Nice phone
1068,A phone with trending features.You can buy if you are not a heavy user with lots of games
1069,"Product is ok ,my expertise for the camera is very good but not well"
1070,I like this phone but battery weekness
1071,Amazing mobile phone
1072,Good for this price
1073,Good mobile
1074,Nice
1075,Apart from Battery everything is good.Battery giving very less screen on time.
1076,Good job
1077,Excellent phone
1078,Overall display is good but degin very worst
1079,Best product
1080,"Mobile design was superb, performance was good until now."
1081,Very nice product worth of money
1082,Nice â˜ºï¸
1083,Value for money ğŸ’° on this price.
1084,Super
1085,Nice
1086,Good
1087,"Front camera is totally waste. Horrible selfies, white fade coming on photos.. waste"
1088,Very nice phone
1089,Fine but price high for this
1090,Nice product
1091,Nyc mobile
1092,Like this product
1093,Nyc product
1094,Really nice phone
1095,Nice
1096,Good
1097,Very good quality
1098,Good ğŸ‘ğŸ‘
1099,Here is mentioned 67wt charger but I got 80wt â˜ºï¸and phone also looking awesome curved display good battery and awesome camera
1100,Nice phone
1101,
1102,Great product by realme
1103,Excellent
1104,Best quality
1105,Very bad product
1106,Phone is very nice with new look
1107,Good product
1108,So good
1109,Very nice product and also value for money ğŸ¤‘ğŸ¤‘
1110,Nice product
1111,Nice performance and superb video and camera quality in back cam but the front cam not compareable to the back cam
1112,Good Phone
1113,Very good
1114,Good Product. Everything is Good
1115,Premium look mobile
1116,The phone is just awesome. I am traveling and every is amazed to see the quality of photos it captures. Love it
1117,"Best phone of realme, amazing performance, value for money"
1118,Cheif and Best Quality
1119,"Phone is too good in performence ,display ,camera ğŸ‘Œ"
1120,Exlent
1121,Nice
1122,Good mobile
1123,Overall ok
1124,Except battery .. performance ..all is good
1125,Battery backup is not good twice a day I have to charge my phone
1126,Nice cell
1127,"Overall It's a good phone , but I miss the wide angle camera"
1128,"It is a ok ok phone set but , it started to have hanging problem just after 1 month ."
1129,Nice phone realme 11pro5g
1130,Good Product in low price
1131,Display automatically stopped and white line are comes
1132,This phone is very lovely smart
1133,Display 10âœ“Camara 7âœ“Performance 7âœ“Battery 8âœ“Overall  10/7.5 âœ“
1134,Curve display with Amoled display and build is good
1135,Budget premium phone thenks Flipkart
1136,Best Phone Ever
1137,Good
1138,Such a nice product
1139,Nice looking
1140,Ok
1141,Super
1142,Awesome phone
1143,Battery drain very fast
1144,"New phone heating problem, camera pic after zooming blurred."
1145,Good looking ğŸ˜
1146,Fantastic Model ğŸ©·
1147,Camera good ğŸ‘
1148,Verry good mobile and all good product go for it no 1 realme
1149,"Product is very good, but Flipkart is not trust worthy. I'll give only one Star rating out of five to Flipkart."
1150,Not fine phone but ok price range
1151,Very good product ğŸ’¯
1152,Simply great!!
1153,Awesome design and best budget phone.
1154,Good phone
1155,Special feature no expected
1156,Good quality of products ğŸ˜œğŸ˜€ğŸ˜€ğŸ˜€
1157,It was really good for a person who needs Mobil for regular work..It is a decently packed with all features ..ğŸ˜ŠğŸ”¥
1158,Nice super
1159,Good ğŸ‘ğŸ»
1160,Amazing
1161,Superb quality ğŸ˜ğŸ˜
1162,Good product
1163,"Display, design, performance are very good but the camera is horrible ğŸ¥´"
1164,Awesome gadgets ğŸ˜€
1165,the back pannel vegn leader has warp and teararound realme logo on back
1166,"Nice phone, looks premium in beige color, go for it."
1167,Best
1168,NICE MOBILE WITH GOOD CAMERA QWALITY AND FEATURES...
1169,Verry good ğŸ‘
1170,Price accounting perfect
1171,Very good
1172,Super mobile but bettery backup por please update bettery backup camera not good
1173,It's so good go for it
1174,ğŸ‘ Thanks Excellent product verry Nise
1175,Fabulous ğŸ¤©
1176,First hand experience is good
1177,DECENT
1178,Design and looks are perfect except camera...it's not like 100 mega pixel..Battery also drains quickly..Otherwise very smooth display ..no issues till now
1179,Bad Camera
1180,Really very good brand
1181,In this price range camera can be better but overall good phone
1182,Mobile best product
1183,Good
1184,Back lather is not good .very poor qualityScreen to body ration is good
1185,Super
1186,Nice phone
1187,A phone with trending features.You can buy if you are not a heavy user with lots of games
1188,Good but price is little bit high
1189,"Product is ok ,my expertise for the camera is very good but not well"
1190,I like this phone but battery weekness
1191,Very good mobile tq realmi
1192,Good product
1193,Super mobile
1194,Average camera quality....Design awesome
1195,"All is good, except the front camera,not up to the mark.Back camera performing well.The battery charged really quick and drained also quickly.Average performance.Phone design and feel is premium."
1196,Amazing person
1197,Camera desent battery good display very good look is good performance good over all value for money
1198,Good mobile
1199,Best product
1200,"Very nice mobile, just back cam little bit heavy, remaining all simply superb in this price."
1201,Very nice product worth of money
1202,Best phone
1203,Value for money ğŸ’° on this price.
1204,Super
1205,Nice
1206,Good
1207,Nice product
1208,Super
1209,Very nice phone
1210,Fine but price high for this
1211,Nice product
1212,Nyc mobile
1213,Like this product
1214,"The display is awesome in this price segmentğŸ¤©, but the camera quality has to be improved...over all paisa vasool product..ğŸ‘ğŸ»"
1215,Excellent design
1216,Nice
1217,Good
1218,Very good quality
1219,Nic camera.gd battary backup.just go for it
1220,Awesome
1221,After a long time real me give good phone...
1222,Value for money ğŸ’°
1223,Look wise phone is just awesome. Display is super smooth ğŸ˜˜
1224,He is very super phone display super very value for money nice phone
1225,Nice super
1226,Excellent ğŸ‘ŒğŸ‘ğŸ‘ŒğŸ‘Œ
1227,
1228,Excellent
1229,
1230,Best quality
1231,"Very amazing looking phone.You are never gonna regret this buy.Amazing camera, Amazing design.Sometimes app crashes but that is okay at this price point.Smooth gaming experience."
1232,Super
1233,Nice
1234,"Good product, Good performance, design smooth handling as per prise"
1235,Phone is very nice with new look
1236,Worth camera
1237,Good Display and quick charging
1238,Worth to money
1239,"product was good. specialy camera, design, display.. battery backup worth it to buy."
1240,Nice phone and good battery backup.
1241,This product is value for money
1242,Nice
1243,"Design, display, performance, excellent ğŸ‘ŒğŸ‘ŒğŸ‘"
1244,Simply awesome phone ğŸ“±
1245,Little bit heating issueBut overall a awesome phone
1246,"The display is awesome in this price segmentğŸ¤©, but the camera quality has to be improved...over all paisa vasool product..ğŸ‘ğŸ»"
1247,Battery performance not good. Drain it fast.
1248,Awesome ğŸ‘
1249,worth it ğŸ’œ
1250,Excellent
1251,Very nice
1252,Not bad
1253,Vary good product
1254,Very powerfull device.Camera is like a amazingBattery ğŸ”‹ backup is good .In-hand feel is so much good Display is awesome.
1255,The mobile performance is excellent apart from camera.. quality of camera is very pathetic..
1256,Good product
1257,Good budget phone with good looks.Battery ğŸ”‹ performance is just average.Camera is quite good and beige colour handset is super cool.
1258,Very low price such a good phone
1259,Super
1260,This is amazing photo but you want phone for game it's no a good option except this is best for this disign camera and display so you want a phone for day to day use this phone is best option.
1261,Nice camera
1262,Good mobile Nice battery
1263,Super camera qualityğŸ”¥ğŸ”¥And displayğŸ˜ˆğŸ˜ˆ
1264,Very like this mobile
1265,Best quality phone camera bestPerformance best
1266,In love with the display
1267,Thank you Flipkart ğŸ¥°
1268,Good
1269,Osm
1270,Very good product
1271,Battery issue
1272,Highly recommended....Value for moneyBest device in this segmentFeel premiumOnly selfie camera average.
1273,The mobile is great compared to the price.The look of the display is quite good. Full HD Movie High Resolution very clear. Its speaker is also good.Mobile charging is also happening in less time. But the battery of the mobile is running for a little less time than expected.
1274,stylish smartphone.....ğŸ‘ŒğŸ‘ŒğŸ‘ŒğŸ‘Œ
1275,Such a budget flagship product
1276,Better experience with it but it become heat early when we use the mobile
1277,"Good, Display and design is cool... Better option in this range..."
1278,Premium in hand feelCamere is average
1279,Very good
1280,Display and battary is awsome Need to improve software
1281,Good looking ğŸ˜
1282,Fantastic Model ğŸ©·
1283,nice phone
1284,Very good
1285,Awesome Mobile ğŸ‘ŒğŸ‘ŒğŸ‘Œ
1286,Nice ğŸ‘
1287,"Product is very good, but Flipkart is not trust worthy. I'll give only one Star rating out of five to Flipkart."
1288,Not fine phone but ok price range
1289,Very good product ğŸ’¯
1290,Simply great!!
1291,Excellent phone in the budget
1292,Ok
1293,Good option for 25k
1294,Very nice product. Buttery smoothness experience. Display gives fantastic performance. smooth plus extreme setting for bgmi is best.Camera captures good pictures and also enhanced colours
1295,Awesome for this price segment premium look by realme overall good product
1296,Good
1297,Camera is ok not bad but battery draining fast as well charging also getting fast
1298,Nice ğŸ‘ Super ğŸ‘ğŸ‘ğŸ‘Œ
1299,Ok
1300,
1301,Good ğŸ‘ğŸ˜Š
1302,Good as expected.
1303,Nice mobile phone this realme
1304,Very nice camera nice quality best price mobile
1305,Nice ğŸ‘
1306,Good
1307,Good
1308,Good happy to have this
1309,"Good phone camera is ok ok, it gives premium but it is not premium"
1310,Good looking design
1311,Worth The Money
1312,Wow Nice Looking This Phone
1313,Nice look â˜ºï¸â˜ºï¸
1314,"In a segment of 20-24k it is worth buying, software experience can be better but build quantity is superb"
1315,Good phone
1316,If there would have been a memory card slot it would have been 100% worthy
1317,Good
1318,Nice product in this budget
1319,"The battery life is impressive, and the fast charging feature is a game-changer. Overall, a fantastic phone that exceeds expectations."
1320,I appreciate how realme is always listening to customer feedback and improving their products.
1321,"Premium looks in this range,i recommend to friend Circle"
1322,Perfect design and colours.. Everything is awesome.. Loved it
1323,superb phone in this range
1324,Very good products in this price ğŸ˜‡ğŸ˜‡ğŸ˜‡
1325,Very good ğŸ‘ product
1326,Good Experience.
1327,Sometimes heating  when charge the mobile and using Battery was draining fast  Other wise  Over all  excellent mobile looking premium
1328,"Unique product,loved it"
1329,Value of money
1330,Overall Good Perfomance
1331,"Fantastic..... Brilliant display, mind blowing sound quality and superb camera. Outstanding design. Nothing will be better at this price point. Flagship experience. Thank you Realme. Thank you Flipkart."
1332,good but dont buy with lather cover chose with out lather cover
1333,Phone niceCamer. GoodBater.    Good
1334,Product is mind blowing excellent ğŸ‘ğŸ‘
1335,Very nice looking for phone
